Unit Address,Property Name,Distance,Neighborhood,Property Flags,Unnamed: 5,Property Group,Latitude,Longitude
"10085 SE River St,  Truckee, CA, 96161, US",Revival Retreat,267-2-04.2 Winter Creek,Truckee,,,Monthly Lease Only,,
"10096 Winter Creek Loop,  Truckee, CA, 96161, US",Elmcrest at Winter Creek,267-2-04.2 Winter Creek,Truckee,,,Monthly Lease Only,,
"10108 Sagebrush,  Truckee, CA, 96161, US",Trestlewood Lodge at Schaffer's Mill,267-2-09.2 Carson Range,Schaffer's Mill,,,Summer 5 NT,,
"10137 Corrie Court,  Truckee, CA, 96161, US",Allure At Schaffer's Mill,267-2-09.3 Heartwood,Schaffer's Mill,,,Summer 5 NT,,
"10144 Jibboom St,  Truckee, CA, 96161, US",Crimson Cabin,267-2-03.5 Jiboom,Truckee,,,Monthly Lease Only,,
"10196 Winter Creek Loop,  Truckee, CA, 96161, US",Cedar Crest at Winter Creek,267-2-04.2 Winter Creek,Truckee,,,Summer 5 NT,,
"10217 Winter Creek Loop,  Truckee, CA, 96161, US",Pinecrest at Winter Creek,267-2-04.2 Winter Creek,Truckee,,,Summer 5 NT,,
"10219 Washoe Rd,  Truckee, CA, 96161, US",Canyon Chalet at Donner Lake,089-2-02.6 Donner Lake,Truckee,,,Monthly Lease Only,,
"10229 Annie's Loop,  Truckee, CA, 96161, US",Truckee Luxe at Gray's Crossing,267-1-06.1 Annie's Loop,Gray's Crossing,,,Summer 5 NT,,
"10236 Valmont Trail,  Truckee, CA, 96161, US",Briarwood at Schaffer's Mill,267-2-09.3 Heartwood,Schaffer's Mill,,,Monthly Lease Only,,
"10240 Winter Creek Loop,  Truckee, CA, 96161, US",Oak Crest at Winter Creek,267-2-04.2 Winter Creek,Truckee,,,Ski Lease Only,,
"1030 Snow Crest,  Olympic Valley, CA, 96146, US",Aspen Heights at Alpine Meadows,089-3-13.2 Snow Crest,Alpine Meadows,Managed Services: Y; Propane Tank: Y,,Managed Services,,
"10321 Shady Lane,  Truckee, CA, 96161, US",Crestwood at Schaffers Mill,267-2-09.3 Heartwood,Schaffer's Mill,,,Summer 5 NT,,
"1035 West Lake,  Tahoe City, CA, 96145, US",Sunnyside Retreat,089-3-16.6 Cathedral,Tahoe City,,,Summer 5 NT,,
"105 Mammoth Dr,  Tahoe City, CA, 96145, US",Twin Hollow at Dollar Point,267-2-23.8 Marlette,Dollar Point,,,Summer 7 NT,,
"1055 Trent Lane,  Kings Beach, CA, 96143, US",Tahoe Rim Retreat,267-2-16.4 Commonwealth,Tahoe Vista/Kings Beach,,,Summer 5 NT,,
"10559 Sara Bear Ln,  Truckee, CA, 96161, US",Maple Crest at Winter Creek,267-2-04.2 Winter Creek,Truckee,,,Monthly Lease Only,,
"10562 Glenbrook Ct,  Truckee, CA, 96161, US",Glenbrook at Martis Camp,267-2-10.4 Martis Camp,Martis Camp,,,Monthly Lease Only,,
"10568 Glenbrook,  Truckee, CA, 96161, US",Regal Peaks at Martis Camp,267-2-10.4 Martis Camp,Martis Camp,,,Monthly Lease Only,,
"10569 Glen Brook Court,  Truckee, CA, 96161, US",Prime Vista at Martis Camp,267-2-10.4 Martis Camp,Martis Camp,,,Monthly Lease Only,,
"10613 Dutton Ct.,  Truckee, CA, 96161, US",Omni Vista at Martis Camp,267-2-10.4 Martis Camp,Martis Camp,,,Monthly Lease Only,,
"10706 Avoca Circle,  Truckee, CA, 96161, US",Serene Escape at Martis Camp,267-2-10.4 Martis Camp,Martis Camp,,,Summer 5 NT,,
"10718 Avoca Circle,  Truckee, CA, 96161, US",Avoca Modern at Martis Camp,267-2-10.4 Martis Camp,Martis Camp,,,Summer 7 NT,,
"10761 Passage Place,  Truckee, CA, 96161, US",Perfect Passage,089-2-00.7 Donner Crest,Truckee,,,Ski Lease Only,,
"10768 Labelle,  Truckee, CA, 96161, US",Fresh Air at Gray's Crossing,267-1-05.5 China Camp,Gray's Crossing,,,Ski Lease Only,,
"10825 Cairncroft Ln,  Truckee, CA, 96161, US",Peak Perfection at Martis Camp,267-2-10.4 Martis Camp,Martis Camp,,,Monthly Lease Only,,
"10825 Carincroft Ln,  Truckee, CA, 96161, US",Peak Perfection Guest House at Martis Camp,267-2-10.4 Martis Camp,Martis Camp,,,Monthly Lease Only,,
"10885 Cinnabar #5,  Truckee, CA, 96161, US",The Boulders Condo #5,089-3-02.6 Deerfield,Truckee,,,Monthly Lease Only,,
"1090 West Lake Blvd,  Tahoe City, CA, 96145, US",Towering Pines Lakefront,089-3-16.6 Cathedral,Tahoe City,,,Summer 7 NT,,
"10945 Lausanne,  Truckee, CA, 96161, US",Woodhaven at Tahoe Donner,089-1-07.1 Lausanne,Tahoe Donner,,,Monthly Lease Only,,
"10958 Olana Drive,  Truckee, CA, 96161, US",Lunar Vista at Martis Camp,267-2-10.4 Martis Camp,Martis Camp,,,Monthly Lease Only,,
"110 Old Cedars Place,  Tahoma, CA, 96142, US",Aerial Grace Lakeside Retreat,,Homewood/Tahoma,,,Summer 7 NT,,
"110 Simplon Pass Road,  Homewood, CA, 96141, US",Mod Haus on the West Shore,089-4-20.7 Grimsel Pass,Homewood/Tahoma,Propane Tank: Y,,Summer 5 NT,,
"11025 Innsbruck Ave.,  Truckee, CA, 96161, US",A-Frame of Mind at Tahoe Donner,089-1-01.7 Swiss,Tahoe Donner,,,Summer 3 NT,,
"11042 Henness Rd,  Truckee, CA, 96161, US",Mountain Majesty at Gray's Crossing,267-1-06.4 Henness,Gray's Crossing,,,Summer 5 NT,,
"11061 Henness Rd,  Truckee, CA, 96161, US",Havenwood Ski Lease at Gray's Crossing,267-1-06.4 Henness,Gray's Crossing,,,Ski Lease Only,,
"11073 Meek Court,  Truckee, CA, 96161, US",Meek Court at Grays Crossing,267-1-06.4 Henness,Gray's Crossing,,,Summer 5 NT,,
"11090 SItzmark Way,  Truckee, CA, 96161, US",High Country Lodge,089-1-06.3 Sitzmark,Tahoe Donner,,,Summer 5 NT,,
"11092 China Camp Road,  Truckee, CA, 96161, US",Pine Meadow at Gray's Crossing,267-1-05.5 China Camp,Gray's Crossing,,,Summer 5 NT,,
"11114 Mougle,  Truckee, CA, 96161, US",Sierra Sanctuary at Tahoe Donner,089-1-06.6 Mougle,Tahoe Donner,,,Monthly Lease Only,,
"11172 Comstock Dr.,  Truckee, CA, 96161, US",Lonestar Ranch,267-1-05.5 China Camp,Truckee,,,Monthly Lease Only,,
"112 Roundridge Rd,  Tahoe City, CA, 96145, US",Big Horn Luxury Lodge,267-2-23.8 Marlette,Dollar Point,,,Summer 5 NT,,
"1122 Sandy Way,  Olympic Valley, CA, 96146, US",Summit Solitude at Palisades,089-3-12.1 Wayne,Olympic Valley,Propane Tank: Y,,Summer 3 NT,,
"11239 Henness Rd,  Truckee, CA, 96161, US",Sage Hen at Grays Crossing,267-1-06.4 Henness,Gray's Crossing,Managed Services: Y,,Summer 5 NT,,
"11259 Henness Road,  Truckee, CA, 96161, US",First Light Farmhouse at Gray's Crossing,267-1-06.4 Henness,Gray's Crossing,,,Summer 5 NT,,
"11259 Skislope Way,  Truckee, CA, 96161, US",Skislope Manor at Tahoe Donner,089-1-01.1 Skislope One,Tahoe Donner,,,Summer 3 NT,,
"11262 Comstock Dr.,  Truckee, CA, 96161, US",Crossroads Luxury Lodge,267-1-05.5 China Camp,Truckee,,,Monthly Lease Only,,
"1130 W. Lake Blvd,  Tahoe City, CA, 96145, US",Cathedral Pines Lakefront,089-3-16.8 Cedar Point,Tahoe City,Managed Services: Y,,Summer 7 NT,,
"11310 Henness,  Truckee, CA, 96161, US",Morning Star at Gray's Crossing,267-1-06.4 Henness,Gray's Crossing,,,Monthly Lease Only,,
"11315 China Camp Road,  Truckee, CA, 96161, US",Truckee Timbers at Gray's Crossing,267-1-05.5 China Camp,Gray's Crossing,,,Summer 5 NT,,
"11325 Sitzmark Way,  Truckee, CA, 96161, US",Jackpine Lodge at Tahoe Donner,089-1-06.3 Sitzmark,Tahoe Donner,,,Summer 3 NT,,
"11349 Wolverine Circle,  Truckee, CA, 96161, US",Porchlight Retreat,267-1-05.5 China Camp,Truckee,,,Monthly Lease Only,,
"11365 China Camp Rd,  Truckee, CA, 96161, US",Starlight at Gray's Crossing,267-1-05.5 China Camp,Gray's Crossing,,,Summer 5 NT,,
"11380 Chalet Rd,  Truckee, CA, 96161, US",Log Cabin Living at Tahoe Donner,089-1-03.0 Chalet,Tahoe Donner,,,Ski Lease Only,,
"11382 Northwoods Blvd,  Truckee, CA, 96161, US",Tahoe Getaways Office,089-1-00.2 Hidden Circle,Truckee,,,7 NT Year-Round,,
"11406 Chalet Road,  Truckee, CA, 96161, US",Sterling Ski Lease at Tahoe Donner,089-1-03.0 Chalet,Tahoe Donner,,,Ski Lease Only,,
"11411 Dolomite Way #8,  Truckee, CA, 96161, US",Dolomite Condo #8,089-3-02.6 Deerfield,Truckee,,,Monthly Lease Only,,
"1142 Clearview Ct,  Tahoe City, CA, 96145, US",Crystal Lake View Lodge,089-3-18.5 Tahoe Park Heights,Tahoe Park,Managed Services: Y,,Summer 5 NT,,
"11422 Mougle Lane,  Truckee, CA, 96161, US",Woodcrest at Tahoe Donner,089-1-06.6 Mougle,Tahoe Donner,,,Summer 3 NT,,
"11432 Sun Valley,  Truckee, CA, 96161, US",High Point at Tahoe Donner,089-1-01.9 Davos Three,Tahoe Donner,,,Monthly Lease Only,,
"11467 Lausanne,  Truckee, CA, 96161, US",Voyager Retreat at Tahoe Donner,089-1-07.1 Lausanne,Tahoe Donner,,,Monthly Lease Only,,
"11490 Bottcher Loop,  Truckee, CA, 96161, US",The Lavish Cabin at Gray's Crossing,267-1-07.2 Ghirard,Gray's Crossing,Managed Services: Y;,,Summer 5 NT,,
"11496 Lausanne Way,  Truckee, CA, 96161, US",Cottonwood Place at Tahoe Donner,089-1-07.1 Lausanne,Tahoe Donner,,,Summer 3 NT,,
"115 Bearing Drive,  Tahoe City, CA, 96145, US",Starry Skies on The West Shore,089-3-16.3 Granlibakken,Tahoe City,,,Summer 5 NT,,
"115 Marlette Drive,  Tahoe City, CA, 96145, US",Enchantment at Dollar Point,267-2-23.8 Marlette,Dollar Point,,,Summer 7 NT,,
"1150 Statford Way,  Tahoe Vista, CA, 96148, US",Noble Heights Ski Lease,267-2-15.8 Regency,Tahoe Vista/Kings Beach,,,Ski Lease Only,,
"11512 Chalet Road,  Truckee, CA, 96161, US",Mountain Jewel at Tahoe Donner,089-1-03.0 Chalet,Tahoe Donner,,,Summer 5 NT,,
"11530 Bennett Flat,  Truckee, CA, 96161, US",Meadowlark in Tahoe Donner,089-1-07.1 Lausanne,Tahoe Donner,,,Summer 5 NT,,
"11540 Stillwater Ct,  Truckee, CA, 96161, US",Stillwater Lodge,267-2-05.2 Ponderosa,Truckee,,,Ski Lease Only,,
"11553 Kitzbuhel Rd,  Truckee, CA, 96161, US",Resting Bear Lodge,089-1-06.3 Sitzmark,Tahoe Donner,,,Summer 3 NT,,
"11570 Stillwater Ct,  Truckee, CA, 96161, US",Freedom Lodge,267-2-05.2 Ponderosa,Truckee,,,Monthly Lease Only,,
"11615 Kelley,  Truckee, CA, 96161, US",Truckee Treasure at Gray's Crossing,267-1-07.2 Ghirard,Gray's Crossing,,,Summer 5 NT,,
"11615 Mougle Lane,  Truckee, CA, 96161, US",Skylark Lodge at Tahoe Donner,089-1-06.6 Mougle,Tahoe Donner,,,Ski Lease Only,,
"11655 Ski Slope Way,  Truckee, CA, 96161, US",Sierra Dream at Tahoe Donner,089-1-01.1 Skislope One,Tahoe Donner,,,Ski Lease Only,,
"11657 Munich Drive,  Truckee, CA, 96161, US",Munich Retreat at Tahoe Donner,089-1-06.6 Mougle,Tahoe Donner,,,Ski Lease Only,,
"11669 Nordic Ln,  Truckee, CA, 96161, US",Balsam Retreat at Tahoe Donner,089-1-06.6 Mougle,Tahoe Donner,,,Monthly Lease Only,,
"11724 East Sierra Drive,  Truckee, CA, 96161, US",Connex Luxury Retreat,089-2-02.6 Donner Lake,Truckee,,,Ski Lease Only,,
"11724 Hope Court Unit A,  Truckee, CA, 96161, US",Nexus Luxury Ski Lease,267-2-07.2 Autumn,Truckee,,,Ski Lease Only,,
"11744 Chalet Rd,  Truckee, CA, 96161, US",Majestic Woods at Tahoe Donner,089-1-03.0 Chalet,Tahoe Donner,,,Summer 5 NT,,
"11788 Saint Bernard,  Truckee, CA, 96161, US",St. Bernard Place at Tahoe Donner,089-1-05.8 Saint Bernard,Tahoe Donner,,,Summer 3 NT,,
"11854 Bennet Flat Rd,  Truckee, CA, 96161, US",Tranquil Retreat at Tahoe Donner,089-1-07.1 Lausanne,Tahoe Donner,,,Summer 5 NT,,
"11884 Brookstone Drive,  Truckee, CA, 96161, US",Melody Retreat at Tahoe Donner,089-1-06.3 Sitzmark,Tahoe Donner,,,Ski Lease Only,,
"11885 Sitzmark Way,  Truckee, CA, 96161, US",Shady Pines at Tahoe Donner,089-1-06.6 Mougle,Tahoe Donner,Managed Services: Y,,Summer 3 NT,,
"11960 Brookstone Drive,  Truckee, CA, 96161, US",Babbling Brook at Tahoe Donner,089-1-06.3 Sitzmark,Tahoe Donner,,,Ski Lease Only,,
"12015 Lausanne,  Truckee, CA, 96161, US",Hillcrest at Tahoe Donner,089-1-07.1 Lausanne,Tahoe Donner,,,Monthly Lease Only,,
"12049 Bernese,  Truckee, CA, 96161, US",Kodiak Cabin at Tahoe Donner,089-1-00.3 Bernese,Tahoe Donner,,,Ski Lease Only,,
"12055 Saint Bernard,  Truckee, CA, 96161, US",Bear Bottom Cottage at Tahoe Donner,089-1-05.8 Saint Bernard,Tahoe Donner,,,Ski Lease Only,,
"12055 Schussing,  Truckee, CA, 96161, US",Sweet Retreat at Tahoe Donner,089-1-06.0 Schussing,Tahoe Donner,,,Monthly Lease Only,,
"12082 Muhlebach,  Truckee, CA, 96161, US",Kokanee at Tahoe Donner,089-1-04.9 Muhlebach,Tahoe Donner,,,Summer 3 NT,,
"12119 Viking Way,  Truckee, CA, 96161, US",Cabin Fever at Tahoe Donner,089-1-03.6 Slalom,Tahoe Donner,,,Summer 3 NT,,
"12141 Bernese,  Truckee, CA, 96161, US",Donner Gem at Tahoe Donner,089-1-00.3 Bernese,Tahoe Donner,,,Summer 3 NT,,
"12151 Snowpeak Way,  Truckee, CA, 96161, US",Owls Nest at Tahoe Donner,089-1-03.0 Chalet,Tahoe Donner,,,Monthly Lease Only,,
"12153 Schussing Way,  Truckee, CA, 96161, US",Sunrise Abode at Tahoe Donner,089-1-06.0 Schussing,Tahoe Donner,,,Summer 5 NT,,
"12158 Schussing Way,  Truckee, CA, 96161, US",Bear’s Lair at Tahoe Donner,089-1-06.0 Schussing,Tahoe Donner,,,Summer 5 NT,,
"12158 Ski Slope,  Truckee, CA, 96161, US",Overlook Lake View Lodge at Tahoe Donner,089-1-01.1 Skislope One,Tahoe Donner,,,Summer 5 NT,,
"12160 Lausanne Way,  Truckee, CA, 96161, US",Tree Haus in Tahoe Donner,089-1-07.1 Lausanne,Tahoe Donner,,,Summer 5 NT,,
"12223 Pete Alvertson,  Truckee, CA, 96161, US",Rockwood Lodge at Lahontan,267-2-09.4 Lahontan,Lahontan,,,Monthly Lease Only,,
"12251 Bear Meadows Ct,  Truckee, CA, 96161, US",Bearfoot Lodge at Tahoe Donner,089-1-03.6 Slalom,Tahoe Donner,,,Summer 5 NT,,
"12281 Muhlebach Way,  Truckee, CA, 96161, US",Merry Muhlebach at Tahoe Donner,089-1-04.9 Muhlebach,Tahoe Donner,,,Monthly Lease Only,,
"12285 Telemark Place,  Truckee, CA, 96161, US",Camp Telemark at Tahoe Donner,089-1-06.0 Schussing,Tahoe Donner,,,Summer 5 NT,,
"12296 Stockholm Way,  Truckee, CA, 96161, US",Stockholm Vista,089-1-04.1 Wolfgang,Tahoe Donner,,,Summer 3 NT,,
"12310 Fairway Drive,  Truckee, CA, 96161, US",Boulder Lodge at Old Greenwood,267-1-07.5 Fairway,Old Greenwood,,,Ski Lease Only,,
"12326 Fairway Drive,  Truckee, CA, 96161, US",Waterville Lodge at Old Greenwood,267-1-07.5 Fairway,Old Greenwood,,,Monthly Lease Only,,
"12343 Snowpeak Way,  Truckee, CA, 96161, US",Beacon Ski Lease in Tahoe Donner,089-1-03.0 Chalet,Tahoe Donner,,,Ski Lease Only,,
"12397 Stockholm Way,  Truckee, CA, 96161, US",Dawn Retreat at Tahoe Donner,089-1-04.1 Wolfgang,Tahoe Donner,,,Summer 3 NT,,
"125 Lassen #15,  Tahoe City, CA, 96145, US",North Shore Lakeside Condo 15,267-2-24.2 Lake Forest,Tahoe City,,,Summer 7 NT,,
"125 Lassen Drive # 8,  Tahoe City, CA, 96145, US",North Shore Lakeside Condo 8,267-2-24.2 Lake Forest,Tahoe City,,,Summer 5 NT,,
"125 Speedboat,  Kings Beach, CA, 96143, US",Sky Rocks,267-2-17.9 Brockway,Tahoe Vista/Kings Beach,,,Summer 7 NT,,
"12560 Saint Bernard,  Truckee, CA, 96161, US",Rustic Retreat in Tahoe Donner,089-1-05.8 Saint Bernard,Tahoe Donner,,,Summer 3 NT,,
"12595 Northwoods #1,  Truckee, CA, 96161, US",Robin's Rest at Tahoe Donner,089-1-04.9 Muhlebach,Tahoe Donner,,,Monthly Lease Only,,
"12597 Pinnacle Loop,  Truckee, CA, 96161, US",Pinnacle Views at Tahoe Donner,089-1-04.1 Wolfgang,Tahoe Donner,Managed Services: Y,,Summer 3 NT,,
"126 Marlette Drive,  Tahoe City, CA, 96145, US",Sunny Daze at Dollar Point,267-2-23.8 Marlette,Dollar Point,,,Summer 7 NT,,
"12615 Northwoods Blvd Unit #2,  Truckee, CA, 96161, US",Northwoods Retreat,089-1-04.9 Muhlebach,Tahoe Donner,,,Monthly Lease Only,,
"12617 Bear Meadows Ct #4,  Truckee, CA, 96161, US",Sundial Retreat at Tahoe Donner,089-1-03.6 Slalom,Tahoe Donner,,,Monthly Lease Only,,
"12719 Hidden Cir #2,  Truckee, CA, 96161, US",Laurel Ski Lease at Hidden Circle,089-1-00.2 Hidden Circle,Tahoe Donner,,,Ski Lease Only,,
"12719 Hidden Circle #4,  Truckee, CA, 96161, US",Magnolia at Hidden Circle,089-1-00.2 Hidden Circle,Tahoe Donner,,,Ski Lease Only,,
"12762 HIdden Circle #2,  Truckee, CA, 96161, US",Indigo Ski Lease at Hidden Circle,089-1-00.2 Hidden Circle,Tahoe Donner,,,Ski Lease Only,,
"1280 West Lake Blvd,  Tahoe City, CA, 96145, US",Inspiration Place Lakefront,089-3-16.8 Cedar Point,Tahoe City,,,Summer 7 NT,,
"12812 Zurich #1,  Truckee, CA, 96161, US",Perched at Tahoe Donner,089-1-00.2 Hidden Circle,Tahoe Donner,,,Ski Lease Only,,
"12861 Caleb Drive,  Truckee, CA, 96161, US",Caleb's Getaway at Old Greenwood,267-1-08.6 Lookout,Old Greenwood,Managed Services: Y,,Summer 5 NT,,
"12870 Hillside,  Truckee, CA, 96161, US",Nordic Retreat at Tahoe Donner,089-1-04.2 Solvang,Tahoe Donner,,,Ski Lease Only,,
"12871 Stockholm Way,  Truckee, CA, 96161, US",Above the Pines at Tahoe Donner,089-1-03.9 Alder Creek,Tahoe Donner,,,Summer 5 NT,,
"12907 Davos Dr.,  Truckee, CA, 96161, US",10th Mountain Home,089-1-00.3 Bernese,Tahoe Donner,,,Summer 3 NT,,
"12912 Pinnacle Loop,  Truckee, CA, 96161, US",Viewpoint at Tahoe Donner,089-1-04.1 Wolfgang,Tahoe Donner,,,Monthly Lease Only,,
"12956 Stockholm Way,  Truckee, CA, 96161, US",Shadow Leaf at Tahoe Donner,089-1-03.9 Alder Creek,Tahoe Donner,,,Ski Lease Only,,
"12958 Hansel Ave,  Truckee, CA, 96161, US",Evergreen Escape,089-1-04.5 Hansel,Tahoe Donner,,,Monthly Lease Only,,
"12969 Stockholm Way,  Truckee, CA, 96161, US",Bear Peak Cabin at Tahoe Donner,089-1-03.9 Alder Creek,Tahoe Donner,,,Summer 5 NT,,
"12983 Stockholm,  Truckee, CA, 96161, US",Chestnut Haus at Tahoe Donner,089-1-03.9 Alder Creek,Tahoe Donner,,,Summer 3 NT,,
"130 Basque Drive,  Truckee, CA, 96161, US",Northstar Pines Ski Lease,267-2-11.8 Basque,Northstar,,,Ski Lease Only,,
"13072 Pinnacle,  Truckee, CA, 96161, US",Glacier Ski Lease at Tahoe Donner,089-1-04.1 Wolfgang,Tahoe Donner,,,Ski Lease Only,,
"13074 Stockholm,  Truckee, CA, 96161, US",Hilltop Chalet at Tahoe Donner,089-1-03.9 Alder Creek,Tahoe Donner,,,Ski Lease Only,,
"13082 Ski View Loop,  Truckee, CA, 96161, US",Ski View Chalet at Tahoe Donner,089-1-04.3 Ski View,Tahoe Donner,,,Summer 3 NT,,
"13099 Oberwald Way,  Truckee, CA, 96161, US",Treetop Ridge at Tahoe Donner,089-1-04.1 Wolfgang,Tahoe Donner,,,Summer 5 NT,,
"1310 Indian Hills,  Truckee, CA, 96161, US",Indian Hills at Northstar,267-2-12.6 Martis Landing,Northstar,,,Summer 3 NT,,
"1316 Indian Hills,  Truckee, CA, 96161, US",Deer Hollow at Northstar,267-2-12.6 Martis Landing,Northstar,,,Summer 3 NT,,
"13186 Hillside Dr.,  Truckee, CA, 96161, US",Dwell at Tahoe Donner,089-1-04.2 Solvang,Tahoe Donner,,,Summer 3 NT,,
"13193 Snowshoe Thomson Circle,  Truckee, CA, 96161, US",Snowdrift Oasis at Lahontan,267-2-09.4 Lahontan,Lahontan,,,Monthly Lease Only,,
"1320 Commonwealth Drive,  Kings Beach, CA, 96143, US",Look Out Lodge,267-2-16.4 Commonwealth,Tahoe Vista/Kings Beach,,,Summer 5 NT,,
"1321 Indian Hills,  Truckee, CA, 96161, US",Fireside Lodge at Northstar,267-2-12.6 Martis Landing,Northstar,,,Summer 3 NT,,
"1322 Mineral Springs trail,  Olympic Valley, CA, 96146, US",Creek Side at Alpine Meadows,089-3-13.2 Snow Crest,Alpine Meadows,,,Summer 3 NT,,
"13232 Hansel Ave,  Truckee, CA, 96161, US",Scarlet Hollow Cabin at Tahoe Donner,089-1-04.5 Hansel,Tahoe Donner,,,Summer 3 NT,,
"1325 Edelweiss Ln,  Tahoe City, CA, 96145, US",Edelweiss on the West Shore,089-3-16.7 Alpine Way,Tahoe City,,,Summer 5 NT,,
"1328 Mineral Springs Trl,  Alpine Meadows, CA, 96146, US",Powder Creek at Alpine Meadows,089-3-13.2 Snow Crest,Alpine Meadows,,,Monthly Lease Only,,
"13289 Ski Slope,  Truckee, CA, 96161, US",Infinity Ridge at Tahoe Donner,089-1-02.6 Skislope Two,Tahoe Donner,,,Monthly Lease Only,,
"13295 Hansel Ave,  Truckee, CA, 96161, US",Forest Haven at Tahoe Donner,089-1-05.8 Saint Bernard,Tahoe Donner,,,Monthly Lease Only,,
"13316 Muhlebach,  Truckee, CA, 96161, US",Peaceful Pines at Tahoe Donner,089-1-04.9 Muhlebach,Tahoe Donner,,,Monthly Lease Only,,
"13320 Solvang Way,  Truckee, CA, 96161, US",Frosty Ridge Retreat at Tahoe Donner,089-1-04.2 Solvang,Tahoe Donner,,,Ski Lease Only,,
"13336 Skiview Loop,  Truckee, CA, 96161, US",White Horn at Tahoe Donner,089-1-04.3 Ski View,Tahoe Donner,,,Ski Lease Only,,
"13347 Solvang Way,  Truckee, CA, 96161, US",Norse Hall in Tahoe Donner,089-1-04.2 Solvang,Tahoe Donner,Managed Services: Y,,Summer 5 NT,,
"13406 Northwoods Blvd,  Truckee, CA, 96161, US",Wintergreen at Tahoe Donner,089-1-04.2 Solvang,Tahoe Donner,,,Summer 3 NT,,
"13411 Fairway Drive,  Truckee, CA, 96161, US",Highland Estate at Old Greenwood,267-1-08.6 Lookout,Old Greenwood,,,Summer 5 NT,,
"13419 Northwoods,  Truckee, CA, 96161, US",Pebble Place at Tahoe Donner,089-1-04.9 Muhlebach,Tahoe Donner,,,Summer 3 NT,,
"1345 Alpine Way,  Tahoe City, CA, 96145, US",Lupine Lodge at Tahoe Park,089-3-16.7 Alpine Way,Tahoe Park,,,Summer 5 NT,,
"1345 Canterbury Drive,  Kings Beach, CA, 96143, US",Canterbury Lodge,267-2-16.4 Commonwealth,Tahoe Vista/Kings Beach,Managed Services: Y,,Managed Services,,
"1347 Mineral Springs,  Alpine Meadows, CA, 96146, US",Mariposa Heights at Alpine Meadows,089-3-13.2 Snow Crest,Alpine Meadows,,,Summer 3 NT,,
"135 Alpine Meadows Rd #15,  Alpine Meadows, CA, 96146, US",River Run #15,089-3-13.2 Snow Crest,Alpine Meadows,,,Summer 3 NT,,
"135 Bearing Drive,  Tahoe City, CA, 96145, US",Nightingale Retreat on the West Shore,089-3-16.3 Granlibakken,Tahoe City,,,Summer 5 NT,,
"1350 Kings Way,  Tahoe Vista, CA, 96148, US",Kings Way Lake View,267-2-15.8 Regency,Tahoe Vista/Kings Beach,,,Summer 5 NT,,
"13535 Pathway Avenue,  Truckee, CA, 96161, US",Radiant Retreat at Tahoe Donner,089-1-06.0 Schussing,Tahoe Donner,,,Summer 5 NT,,
"13567 Hansel,  Truckee, CA, 96161, US",Raven Retreat at Tahoe Donner,089-1-05.8 Saint Bernard,Tahoe Donner,,,Summer 5 NT,,
"13579 Skislope Way,  Truckee, CA, 96161, US",Four Seasons Retreat at Tahoe Donner,089-1-02.6 Skislope Two,Tahoe Donner,,,Summer 5 NT,,
"13612 Hansel,  Truckee, CA, 96161, US",Rosepine Retreat at Tahoe Donner,089-1-05.8 Saint Bernard,Tahoe Donner,,,Monthly Lease Only,,
"13630 Ski View Loop,  Truckee, CA, 96161, US",Arrowleaf Cabin at Tahoe Donner,089-1-04.3 Ski View,Tahoe Donner,,,Monthly Lease Only,,
"13647 Northwoods Blvd,  Truckee, CA, 96161, US",Hearthlight Cabin at Tahoe Donner,089-1-03.9 Alder Creek,Tahoe Donner,,,Summer 3 NT,,
"13666 Pathway Avenue,  Truckee, CA, 96161, US",Candlewood Cabin at Tahoe Donner,089-1-06.0 Schussing,Tahoe Donner,,,Ski Lease Only,,
"1368 Mineral Springs Trail,  Alpine Meadows, CA, 96146, US",Shining Creek at Alpine Meadows,089-3-13.2 Snow Crest,Alpine Meadows,,,Summer 5 NT,,
"13711 Cristallina,  Truckee, CA, 96161, US",Fox Crossing at Tahoe Donner,089-1-01.7 Swiss,Tahoe Donner,,,Summer 5 NT,,
"13779 Northwoods,  Truckee, CA, 96161, US",Wild Horse at Tahoe Donner,089-1-04.2 Solvang,Tahoe Donner,,,Monthly Lease Only,,
"1390 Commonwealth Drive,  Kings Beach, CA, 96143, US",Boathouse in the Woods,267-2-16.4 Commonwealth,Tahoe Vista/Kings Beach,,,Summer 5 NT,,
"13963 Copenhagen,  Truckee, CA, 96161, US",Wisteria Ski Lease in Tahoe Donner,089-1-01.1 Skislope One,Tahoe Donner,,,Ski Lease Only,,
"13972 Robin Ln,  Truckee, CA, 96161, US",Legend Lakeview Lodge,089-2-02.6 Donner Lake,Truckee,,,Ski Lease Only,,
"13983 Hansel Ave,  Truckee, CA, 96161, US",Lodgepole at Tahoe Donner,089-1-04.9 Muhlebach,Tahoe Donner,,,Summer 5 NT,,
"140 Roundridge Road,  Tahoe City, CA, 96145, US",Serenity at Dollar Point,267-2-23.8 Marlette,Dollar Point,,,Summer 7 NT,,
"1401 Pine Trail,  Alpine Meadows, CA, 96146, US",Vibrance Lodge at Alpine Meadows,089-3-13.2 Snow Crest,Alpine Meadows,,,Summer 3 NT,,
"14027 Tyrol,  Truckee, CA, 96161, US",Tamarack Retreat at Tahoe Donner,089-1-04.3 Ski View,Tahoe Donner,,,Ski Lease Only,,
"1405 Oxen Run,  Truckee, CA, 96161, US",Oxen Run Ski Lease at Northstar,267-2-12.6 Martis Landing,Northstar,,,Ski Lease Only,,
"14070 Davos,  Truckee, CA, 96161, US",Cascade Ski Lease at Tahoe Donner,089-1-01.9 Davos Three,Tahoe Donner,,,Ski Lease Only,,
"1420 Chateau Place,  Alpine Meadows, CA, 96146, US",Alta Vista at Alpine Meadows,089-3-14.1 Upper Bench,Alpine Meadows,,,Ski Lease Only,,
"14219 Mountainside Place,  Truckee, CA, 96161, US",Elevation Ski-in Ski-out in Northstar,267-2-14.3 Home Run,Northstar,,,Summer 3 NT,,
"1423 Beaver Dam Trail,  Alpine Meadows, CA, 96146, US",Birchwood Retreat at Alpine Meadows,089-3-14.2 Deer Park,Alpine Meadows,,,Summer 3 NT,,
"14255 Herringbone,  Truckee, CA, 96161, US",Solstice Ridge at Tahoe Donner,089-1-01.9 Davos Three,Tahoe Donner,,,Monthly Lease Only,,
"1433 Mineral Springs,  Alpine Meadows, CA, 96146, US",Spire Chalet at Alpine Meadows,089-3-14.1 Upper Bench,Alpine Meadows,,,Summer 3 NT,,
"14398 Northwoods Blvd,  Truckee, CA, 96161, US",Charmed Cabin at Tahoe Donner,089-1-03.6 Slalom,Tahoe Donner,,,Summer 5 NT,,
"144 Chipmunk St #1,  Kings Beach, CA, 96143, US",Bella Vista at Brockway Shores,267-2-17.9 Brockway,Tahoe Vista/Kings Beach,,,Ski Lease Only,,
"1440 Pine Trail,  Alpine Meadows, CA, 96146, US",Pine Trail at Alpine Meadows,089-3-13.2 Snow Crest,Alpine Meadows,,,Ski Lease Only,,
"14403 Skislope Way,  Truckee, CA, 96161, US",Grand Vista Lodge at Tahoe Donner,089-1-02.6 Skislope Two,Tahoe Donner,,,Summer 5 NT,,
"1443 Juniper Mountain Road,  Olympic Valley, CA, 96146, US",Juniper Mountain at Alpine Meadows,089-3-14.6 Juniper Mountain,Alpine Meadows,,,Summer 3 NT,,
"14472 Homerun Trail,  Truckee, CA, 96161, US",Gondola Getaway Ski-in Ski-out at Northstar,267-2-14.3 Home Run,Northstar,,,Summer 3 NT,,
"14478 Matterhorn Place,  Truckee, CA, 96161, US",Matterhorn Charm at Tahoe Donner,089-1-03.0 Chalet,Tahoe Donner,,,Summer 3 NT,,
"14478 Tyrol Road,  Truckee, CA, 96161, US",Tyrol Time at Tahoe Donner,089-1-04.3 Ski View,Tahoe Donner,,,Ski Lease Only,,
"14483 Home Run Trail,  Truckee, CA, 96161, US",Mountainside Ski-in Ski-Out at Northstar,267-2-14.3 Home Run,Northstar,,,Summer 3 NT,,
"145 Timber Drive,  Tahoe City, CA, 96145, US",Woodland Heights at Tahoe Park,089-3-18.5 Tahoe Park Heights,Tahoe Park,,,Summer 5 NT,,
"14509 Wolfgang,  Truckee, CA, 96161, US",Frontier Lodge at Tahoe Donner,089-1-04.1 Wolfgang,Tahoe Donner,,,Monthly Lease Only,,
"14649 Copenhagen,  Truckee, CA, 96161, US",Whitetail Trail at Tahoe Donner,089-1-01.1 Skislope One,Tahoe Donner,,,Monthly Lease Only,,
"1473 Upper Bench Rd,  Alpine Meadows, CA, 96146, US",Copperleaf Lodge at Alpine Meadows,089-3-14.1 Upper Bench,Alpine Meadows,,,Summer 3 NT,,
"14731 Hansel Ave,  Truckee, CA, 96161, US",Kindred Pines at Tahoe Donner,089-1-04.5 Hansel,Tahoe Donner,,,Summer 3 NT,,
"14746 Davos Drive,  Truckee, CA, 96161, US",Davos Delight at Tahoe Donner,089-1-01.9 Davos Three,Tahoe Donner,,,Summer 5 NT,,
"14779 Copenhagen Dr.,  Truckee, CA, 96161, US",Great Bison Lodge at Tahoe Donner,089-1-02.6 Skislope Two,Tahoe Donner,,,Summer 3 NT,,
"14791 Slalom Way,  Truckee, CA, 96161, US",Hawk's Peak in Tahoe Donner,089-1-03.6 Slalom,Tahoe Donner,,,Summer 5 NT,,
"14806 Davos Dr,  Truckee, CA, 96161, US",Clover Cabin at Tahoe Donner,089-1-01.9 Davos Three,Tahoe Donner,,,Ski Lease Only,,
"14863 Swiss Ln,  Truckee, CA, 96161, US",Apres Chalet at Tahoe Donner,089-1-01.7 Swiss,Tahoe Donner,,,Ski Lease Only,,
"149 Skyland Way,  Tahoe City, CA, 96145, US",Skyland Jewel at Dollar Point,267-2-23.7 Edgewood,Dollar Point,,,Summer 5 NT,,
"1497 Mineral Springs,  Alpine Meadows, CA, 96146, US",Alpine Escape at Palisades,089-3-14.1 Upper Bench,Alpine Meadows,,,Summer 3 NT,,
"150 Mammoth Drive,  Tahoe City, CA, 96145, US",High Sierra Hideaway at Dollar Point,267-2-23.8 Marlette,Dollar Point,,,Summer 7 NT,,
"150 Tallac Ave,  Homewood, CA, 96141, US",Lakewalk Lodge at the West Shore,089-4-20.3 Eagle Rock,Homewood/Tahoma,,,Summer 5 NT,,
"15011 Northwoods Blvd,  Truckee, CA, 96161, US",Hickory Ridge Lodge,089-1-02.7 Norse,Tahoe Donner,,,Ski Lease Only,,
"15012 Peak View Place,  Truckee, CA, 96161, US",Stellar Ski-in Ski-out # 8,267-2-14.6 Peak View,Northstar,Managed Services: Y,,Summer 3 NT,,
"15036 Peak View Place,  Truckee, CA, 96161, US",Stellar Ski-in Ski-out # 2,267-2-14.6 Peak View,Northstar,,,Summer 3 NT,,
"15040 Davos,  Truckee, CA, 96161, US",Gathering Place at Tahoe Donner,089-1-01.9 Davos Three,Tahoe Donner,,,Monthly Lease Only,,
"1505 Pine Ave,  Tahoe City, CA, 96145, US",Cherished Ski Lease,089-3-17.6 Fountain,Tahoe City,,,Ski Lease Only,,
"151 Mammoth Drive,  Tahoe City, CA, 96145, US",Club 151 at Dollar Point,267-2-23.8 Marlette,Dollar Point,,,Summer 7 NT,,
"1512 Sandy Way,  Olympic Valley, CA, 96146, US",Trailblazer Chalet at Palisades Tahoe,089-3-12.5 Sandy,Olympic Valley,,,Summer 3 NT,,
"15165 Northwoods,  Truckee, CA, 96161, US",Redwood Retreat at Tahoe Donner,089-1-01.9 Davos Three,Tahoe Donner,,,Ski Lease Only,,
"15166 Swiss Lane,  Truckee, CA, 96161, US",Dogwood Place at Tahoe Donner,089-1-01.7 Swiss,Tahoe Donner,,,Summer 5 NT,,
"15172 Wolfgang Rd.,  Truckee, CA, 96161, US",Venture In at Tahoe Donner,089-1-04.1 Wolfgang,Tahoe Donner,,,Summer 5 NT,,
"15219 Wolfgang,  Truckee, CA, 96161, US",Harmony Ridge at Tahoe Donner,089-1-04.1 Wolfgang,Tahoe Donner,,,Summer 3 NT,,
"1533 Alpine Meadows Road,  Olympic Valley, CA, 96146, US",Snowy Paws in Alpine Meadows,089-3-14.2 Deer Park,Alpine Meadows,,,Summer 3 NT,,
"1550 Sequoia Ave,  Tahoe City, CA, 96145, US",Eclipse Retreat at Tahoe Park,089-3-16.8 Cedar Point,Tahoe Park,,,Summer 5 NT,,
"1560 Olympic Valley #10,  Alpine Meadows, CA, 96146, US",Valley View Townhome #10,089-3-12.1 Wayne,Olympic Valley,,,Summer 3 NT,,
"15681 Northwoods,  Truckee, CA, 96161, US",Half Moon at Tahoe Donner,089-1-01.9 Davos Three,Tahoe Donner,,,Monthly Lease Only,,
"1574 Cortina Court,  Alpine Meadows, CA, 96146, US",Ascent at Alpine Meadows,089-3-14.6 Juniper Mountain,Alpine Meadows,,,Ski Lease Only,,
"1579 Mineral Springs Trail,  Olympic Valley, CA, 96146, US",Mineral Springs at Alpine Meadows,089-3-14.1 Upper Bench,Alpine Meadows,,,Summer 3 NT,,
"1587 Olympic Valley Rd # 13,  Olympic Valley, CA, 96146, US",Palisades Meadows Condo # 13,089-3-12.7 Chamonix,Olympic Valley,,,Monthly Lease Only,,
"1595 Alpine Meadows Rd,  Olympic Valley, CA, 96146, US",On the Edge at Alpine Meadows,089-3-14.2 Deer Park,Alpine Meadows,,,Summer 3 NT,,
"1595 Upper Bench Rd,  Alpine Meadows, CA, 96146, US",Panoramic Peaks at Alpine,089-3-14.1 Upper Bench,Alpine Meadows,,,Summer 3 NT,,
"1602 Sandy Way,  Olympic Valley, CA, 96146, US",Valley Vista at Palisades Tahoe,089-3-12.5 Sandy,Olympic Valley,,,Summer 3 NT,,
"1606 Deer Path,  Truckee, CA, 96161, US",Ponderosa Pines at Northstar,267-2-13.3 Deer Path,Northstar,,,Summer 3 NT,,
"16133 Ski Slope,  Truckee, CA, 96161, US",Horizon at Tahoe Donner,089-1-03.6 Slalom,Tahoe Donner,,,Summer 3 NT,,
"16323 Ski Slope,  Truckee, CA, 96161, US",Family Time at Tahoe Donner,089-1-03.6 Slalom,Tahoe Donner,,,Ski Lease Only,,
"16415 Skislope Way,  Truckee, CA, 96161, US",High Altitude at Tahoe Donner,089-1-03.6 Slalom,Tahoe Donner,,,Summer 3 NT,,
"165 Basque Drive,  Truckee, CA, 96161, US",Basque Lodge at Northstar,267-2-11.8 Basque,Northstar,,,Summer 3 NT,,
"16507 Northwoods Blvd,  Truckee, CA, 96161, US",Stonehill Hideaway at Tahoe Donner,089-1-01.7 Swiss,Tahoe Donner,,,Monthly Lease Only,,
"1660 Willow Ave,  Tahoe City, CA, 96145, US",Antler House,089-3-17.6 Fountain,Tahoe Park,,,Summer 5 NT,,
"17054 Ski Slope,  Truckee, CA, 96161, US",Sparrow's Rest Lodge at Tahoe Donner,089-1-02.6 Skislope Two,Tahoe Donner,,,Summer 3 NT,,
"17207 Northwoods,  Truckee, CA, 96161, US",Graystone Retreat at Tahoe Donner,089-1-00.3 Bernese,Tahoe Donner,,,Summer 3 NT,,
"17305 Northwoods #2,  Truckee, CA, 96161, US",Petite Retreat at Tahoe Donner,089-1-00.2 Hidden Circle,Tahoe Donner,,,Monthly Lease Only,,
"1739 Cedar Crest,  Tahoe City, CA, 96145, US",Hidden Willow at Tahoe Park,089-3-17.6 Fountain,Tahoe Park,,,Summer 5 NT,,
"1776 Spruce Ave,  Tahoe City, CA, 96145, US",Sunlit Pines at Tahoe Park,089-3-17.6 Fountain,Tahoe Park,,,Summer 5 NT,,
"1800 Olympic Valley Rd #11,  Alpine Meadows, CA, 96146, US",Palisades Tahoe Ski Condo #11,089-3-12.7 Chamonix,Olympic Valley,,,Summer 3 NT,,
"1825 Silver Tip,  Tahoe City, CA, 96145, US",Silver Tip at Tahoe Park,089-3-18.5 Tahoe Park Heights,Tahoe Park,,,Summer 5 NT,,
"1830 Deer Park,  Alpine Meadows, CA, 96146, US",Trailside Retreat at Alpine,089-3-14.2 Deer Park,Alpine Meadows,Propane Monitoring: Y,,Summer 3 NT,,
"1875 John Scott Trail,  Alpine Meadows, CA, 96146, US",Alpine Darling,089-3-14.1 Upper Bench,Alpine Meadows,,,Summer 3 NT,,
"1877 North Lake Blvd #46,  Tahoe City, CA, 96145, US",Rocky Ridge #46,267-2-25.0 Rocky Ridge,Tahoe City,,,Ski Lease Only,,
"1924 Gray Wolf,  Truckee, CA, 96161, US",Big Springs at Northstar,267-2-13.4 Big Springs,Northstar,,,Summer 3 NT,,
"202 Bitter Brush,  Truckee, CA, 96161, US",Bitter Brush Retreat at Northstar,267-2-11.8 Basque,Northstar,,,Summer 3 NT,,
"2080 Big John Rd,  Alpine Meadows, CA, 96146, US",Big John at Alpine Meadows,089-3-14.8 Bear Creek,Alpine Meadows,,,Summer 3 NT,,
"212 Palisades Circle,  Olympic Valley, CA, 96146, US",Diamond Run at Palisades Tahoe,089-3-11.0 Creeks End,Olympic Valley,,,Summer 3 NT,,
"214 Talvista Drive,  Tahoe City, CA, 96145, US",Timber Grove at Tahoe Park,089-3-18.5 Tahoe Park Heights,Tahoe Park,Managed Services: Y,,Summer 5 NT,,
"217 Basque,  Truckee, CA, 96161, US",Easy Living at Northstar,267-2-11.8 Basque,Northstar,,,Ski Lease Only,,
"224 Palisades Circle,  Olympic Valley, CA, 96146, US",Midnight Run at Palisades Tahoe,089-3-11.0 Creeks End,Olympic Valley,,,Monthly Lease Only,,
"2253 Bear Creek Dr,  Alpine Meadows, CA, 96146, US",Alpine Adventure,089-3-14.8 Bear Creek,Alpine Meadows,Managed Services: Y,,Summer 3 NT,,
"227 Olympic Valley Rd #6,  Olympic Valley, CA, 96146, US",Tavern Inn #6 at Olympic Valley,089-3-11.0 Creeks End,Olympic Valley,,,Monthly Lease Only,,
"228 Palisades Circle,  Olympic Valley, CA, 96146, US",Powder Run at Palisades Tahoe,089-3-11.0 Creeks End,Olympic Valley,Propane Tank: Y,,Summer 3 NT,,
"2311 John Scott Trail,  Olympic Valley, CA, 96146, US",Eagles Nest at Alpine Meadows,089-3-14.8 Bear Creek,Alpine Meadows,Managed Services: Y;,,Summer 3 NT,,
"232 Palisades Circle,  Olympic Valley, CA, 96146, US",Lightning Run at Palisades Tahoe,089-3-11.0 Creeks End,Olympic Valley,,,Summer 3 NT,,
"236 Palisades Circle,  Olympic Valley, CA, 96146, US",Twilight Run at Palisades,089-3-11.0 Creeks End,Olympic Valley,,,Summer 3 NT,,
"240 Woodhaven,  Tahoe City, CA, 96145, US",Emerald Lodge at Tahoe Park,089-3-16.7 Alpine Way,Tahoe Park,,,Summer 5 NT,,
"250 Observation Court,  Tahoe City, CA, 96145, US",Lake of the Sky at Dollar Point,267-2-23.7 Edgewood,Dollar Point,,,Summer 7 NT,,
"250 Winding Creek Road,  Olympic Valley, CA, 96146, US",Olympic Valley Hideaway,089-3-11.5 Winding Creek,Olympic Valley, Propane Monitoring: Y,,Summer 3 NT,,
"260 Palisades Circle,  Alpine Meadows, CA, 96146, US",Starfall Run at Palisades Tahoe,089-3-11.0 Creeks End,Olympic Valley,,,Summer 3 NT,,
"260 Sierra Crest Trail,  Olympic Valley, CA, 96146, US",Sierra Crest at Palisades Tahoe,089-3-11.4 Sierra Crest,Olympic Valley,Propane Tank: Y,,Summer 3 NT,,
"270 Bend Ave,  Kings Beach, CA, 96143, US",Bluejay Hideaway,267-2-17.9 Brockway,Tahoe Vista/Kings Beach,,,Summer 5 NT,,
"270 Old County Road,  Carnelian Bay, CA, 96140, US",Wild Blue Lakeview Retreat,267-2-23.0 Old County,Carnelian Bay,,,Managed Services,,
"270 Pioneer Way,  Tahoe City, CA, 96145, US",Vanni House in Tahoe City,267-2-25.9 Grove,Tahoe City,,,5 NT Year-Round,,
"270 Wildwood Avenue,  Carnelian Bay, CA, 96140, US",Cozy Wood Cabin,267-2-23.0 Old County,Carnelian Bay,,,Summer 5 NT,,
"280 Old County,  Carnelian Bay, CA, 96140, US",Lake Vista Ski Cabin,267-2-23.0 Old County,Carnelian Bay,,,Ski Lease Only,,
"288 West Agatam Avenue,  Tahoe Vista, CA, 96148, US",Moon Dune Chalet,267-2-18.0 Moon Dunes,Tahoe Vista/Kings Beach,,,Summer 5 NT,,
"3002 Silver Strike,  Truckee, CA, 96161, US",Silver Strike Condo #2 at Northstar,267-2-12.0 Silver Strike,Northstar,,,Summer 3 NT,,
"3009 Ridge Court #13,  Olympic Valley, CA, 96146, US",Ridge Court #13 at Palisades Tahoe,089-3-11.3 Broken Arrow,Olympic Valley,,,Summer 3 NT,,
"3009 Ridge Court #14,  Olympic Valley, CA, 96146, US",Ridge Court #14 at Palisades Tahoe,089-3-11.3 Broken Arrow,Olympic Valley,,,Summer 3 NT,,
"3045 Martin,  Tahoe City, CA, 96145, US",Hideaway in the Highlands,267-2-24.0 Fabian,Tahoe City,,,Summer 5 NT,,
"306 Bob Haslem,  Truckee, CA, 96161, US",Stag's Rest at Lahontan,267-2-09.4 Lahontan,Lahontan,,,Monthly Lease Only,,
"3060 Broken Arrow Place,  Olympic Valley, CA, 96146, US",Sundance Lodge at Palisades Tahoe,089-3-11.3 Broken Arrow,Olympic Valley,,,Summer 3 NT,,
"310 Grove St,  Tahoe City, CA, 96145, US",Rustling Grove Cabin in Tahoe City,267-2-25.9 Grove,Tahoe City,,,Summer 5 NT,,
"310 Hazel St.,  Tahoma, CA, 96142, US",West Haven Ski Lease,089-4-24.5 Pine,Homewood/Tahoma,,,Ski Lease Only,,
"3102 Sierra Crest,  Olympic Valley, CA, 96146, US",Silverado Lodge at Palisades,089-3-11.4 Sierra Crest,Olympic Valley,,,Summer 3 NT,,
"311 Fawn Ln,  Tahoe Vista, CA, 96148, US",Knotty and Nice,267-2-19.1 Rim,Tahoe Vista/Kings Beach,,,Summer 5 NT,,
"3116 Valley View Court,  Olympic Valley, CA, 96146, US",Open Air at Palisades Tahoe,089-3-11.4 Sierra Crest,Olympic Valley,,,Summer 3 NT,,
"320 David Frink,  Truckee, CA, 96161, US",Moonlight Manor at Lahontan,267-2-09.4 Lahontan,Lahontan,,,Monthly Lease Only,,
"3230 Edgewater,  Tahoe City, CA, 96145, US",Sapphire Shores Lakefront,267-2-23.9 Edgewater,Dollar Point,,,Summer 7 NT,,
"325 Snowbird Loop,  Homewood, CA, 96141, US",Little Cub Cabin,089-4-23.2 Chambers Landing,Homewood/Tahoma,,,Ski Lease Only,,
"3370 Edgewater Drive,  Tahoe City, CA, 96145, US",Water's Edge Lakefront,267-2-23.9 Edgewater,Dollar Point,,,Summer 7 NT,,
"340 Olympic Valley Rd,  Olympic Valley, CA, 96146, US",Front and Center at Palisades Tahoe,089-3-11.5 Winding Creek,Olympic Valley,,,Summer 3 NT,,
"350 Olive Street,  Carnelian Bay, CA, 96140, US",Mountain Escape,267-2-20.7 Carnelian Woods,Carnelian Bay,,,Summer 5 NT,,
"353 Pioneer,  Tahoe City, CA, 96145, US",Fern Grove in Tahoe City,267-2-25.9 Grove,Tahoe City,,,Summer 5 NT,,
"353 Red Cedar,  Tahoe City, CA, 96145, US",Red Cedar,267-2-25.9 Grove,Tahoe City,,,Summer 5 NT,,
"360 East Agatam Ave,  Tahoe Vista, CA, 96148, US",Agatam Retreat,267-2-18.0 Moon Dunes,Tahoe Vista/Kings Beach,Managed Services: Y; ,,Summer 5 NT,,
"365 Elizabeth Drive,  Homewood, CA, 96141, US",Blackwood Bungalow on the West Shore,089-4-19.6 Elizabeth,Homewood/Tahoma,,,Summer 5 NT,,
"365 Fairway Drive,  Tahoe City, CA, 96145, US",Fairway Favorite in Tahoe City,267-2-25.9 Grove,Tahoe City,,,Summer 5 NT,,
"369 Fawn Lane,  Tahoe Vista, CA, 96148, US",Cedar Chalet,267-2-19.1 Rim,Tahoe Vista/Kings Beach,,,Summer 5 NT,,
"372 Skidder Trail,  Truckee, CA, 96161, US",Mosaic Magic at Northstar,267-2-11.8 Basque,Northstar,,,Summer 3 NT,39.2946015,-120.1148474
"375 Pineland Drive,  Tahoe City, CA, 96145, US",West Pine Cabin,089-3-18.6 Pineland,Tahoe City,,,Summer 5 NT,,
"3755 Belleview,  Homewood, CA, 96141, US",Belleview Lakefront,089-4-20.3 Eagle Rock,Homewood/Tahoma,,,Summer 7 NT,,
"380 Montclair Drive,  Tahoe City, CA, 96145, US",Lazy Bear's Lodge,089-3-18.5 Tahoe Park Heights,Tahoe Park,,,Summer 5 NT,,
"385 Skidder Trail,  Truckee, CA, 96161, US",Skidder Trail at Northstar,267-2-11.8 Basque,Northstar,,,Summer 3 NT,,
"3856 Dinah Road,  Carnelian Bay, CA, 96140, US",Bluebird Lodge on the North Shore,267-2-22.7 Nightingale,Carnelian Bay,,,Summer 5 NT,,
"392 Fawn Lane,  Tahoe Vista, CA, 96148, US",Fawn View,267-2-19.1 Rim,Tahoe Vista/Kings Beach,,,Summer 5 NT,,
"397 Skidder Trail,  Truckee, CA, 96161, US",Goldmine Getaway at Northstar,267-2-11.8 Basque,Northstar,,,Summer 3 NT,,
"4000 West Lake Blvd #16,  Homewood, CA, 96141, US",Fleur Du Lac 16,089-4-20.5 Fleur du Lac,Homewood/Tahoma,,,Monthly Lease Only,,
"4000 West Lake Blvd #18,  Homewood, CA, 96141, US",Fleur Du Lac 18,089-4-20.5 Fleur du Lac,Homewood/Tahoma,,,Monthly Lease Only,,
"4000 West Lake Blvd #5,  Homewood, CA, 96141, US",Fleur Du Lac 5,089-4-20.5 Fleur du Lac,Homewood/Tahoma,,,Monthly Lease Only,,
"4000 West Lake Blvd #7,  Homewood, CA, 96141, US",Fleur Du Lac 7,089-4-20.5 Fleur du Lac,Homewood/Tahoma,,,Monthly Lease Only,,
"4035 Robert Ave,  Carnelian Bay, CA, 96140, US",Alpen Glow Lodge,267-2-21.8 Ferguson,Carnelian Bay,,,Summer 5 NT,,
"4040 Zermatt Rd,  Tahoe City, CA, 96145, US",Sherwood Chalet in Ward Canyon,089-3-21.5 Courchevel,Tahoe City,,,Summer 5 NT,,
"405 Granlibakken,  Tahoe City, CA, 96145, US",Granlibakken Getaway,089-3-16.3 Granlibakken,Tahoe City,,,Summer 5 NT,,
"405 Tahoe Woods Blvd,  Tahoe City, CA, 96145, US",Tahoe Woods at Tahoe Park,089-3-16.7 Alpine Way,Tahoe Park,,,Summer 5 NT,,
"4055 Courchevel,  Tahoe City, CA, 96145, US",NEW - 4055 Courchevel,089-3-21.5 Courchevel,Tahoe City,,,Summer 5 NT,,
"4130 North Lake Blvd,  Carnelian Bay, CA, 96140, US",Gray Bear Lake View Estate,267-2-21.8 Ferguson,Carnelian Bay,,,Summer 7 NT,,
"415 Upper Rd,  Tahoe City, CA, 96145, US",Misty Pines at Tahoe Park,089-3-16.7 Alpine Way,Tahoe Park,,,Summer 5 NT,,
"425 William Hurd,  Truckee, CA, 96161, US",Brookline Lodge at Lahontan,267-2-09.4 Lahontan,Lahontan,,,Monthly Lease Only,39.2947194,-120.1636867
"4265 Interlaken Rd,  Homewood, CA, 96141, US",Classic Cabin in the Pines,089-4-20.7 Grimsel Pass,Homewood/Tahoma,,,Summer 7 NT,,
"440 Estates Drive,  Tahoe Vista, CA, 96148, US",NEW - 440 Estates Dr,267-2-18.5 Estates,Tahoe Vista/Kings Beach,,,Summer 3 NT,,
"4400 Piney Wood Road,  Carnelian Bay, CA, 96140, US",Piney Wood Cottage,267-2-22.0 Ridgewood,Carnelian Bay,,,Summer 5 NT,,
"4430 Interlaken Rd,  Homewood, CA, 96141, US",Interlaken Lodge,089-4-20.7 Grimsel Pass,Homewood/Tahoma,,,Summer 5 NT,,
"4435 Snow Flower Road,  Carnelian Bay, CA, 96140, US",Paradise in the Pines,267-2-22.0 Ridgewood,Carnelian Bay,,,Summer 5 NT,,
"445 Grand Ave,  Homewood, CA, 96141, US",Tahoe Grand on the West Shore,089-4-20.3 Eagle Rock,Homewood/Tahoma,,,Summer 5 NT,,
"446 Red Cedar,  Tahoe City, CA, 96145, US",Wanderlust Retreat,267-2-25.9 Grove,Tahoe City,,,Summer 5 NT,,
"4490 Huckleberry Drive,  Carnelian Bay, CA, 96140, US",Huckleberry Haven,267-2-22.0 Ridgewood,Carnelian Bay,,,Summer 5 NT,,
"4495 Huckleberry,  Carnelian Bay, CA, 96140, US",Ember Ridge Retreat,267-2-22.0 Ridgewood,Carnelian Bay,,,Summer 5 NT,,
"450 Tunnington Drive,  Carnelian Bay, CA, 96140, US",Lone Pine Cabin,267-2-22.2 Terrace,Carnelian Bay,,,Monthly Lease Only,,
"4511 Muletail Drive,  Carnelian Bay, CA, 96140, US",Glades Getaway on the North Shore,267-2-22.7 Nightingale,Carnelian Bay,,,Summer 5 NT,,
"4515 Ridgewood,  Carnelian Bay, CA, 96140, US",Rooney Ridge Retreat,267-2-22.0 Ridgewood,Carnelian Bay,Managed Services: Y,,Summer 5 NT,,
"4770 Sans Souci Terrace,  Homewood, CA, 96141, US",Sans Souci Terrace,089-4-21.2 Fern,Homewood/Tahoma,,,Summer 5 NT,,
"4785 Sans Souci Terrace,  Homewood, CA, 96141, US",Homewood Hideaway,089-4-20.7 Grimsel Pass,Homewood/Tahoma,,,Summer 7 NT,,
"4951 Flick St,  Carnelian Bay, CA, 96140, US",Secret Garden Lodge,267-2-20.7 Carnelian Woods,Carnelian Bay,,,Summer 5 NT,,
"500 Olive St.,  Carnelian Bay, CA, 96140, US",Olive Branch,267-2-20.7 Carnelian Woods,Carnelian Bay,,,Summer 5 NT,,
"5000 River Rd,  Olympic Valley, CA, 96146, US",Riverside By Palisades Tahoe,089-3-10.6 Bridge Two,Olympic Valley,,,Ski Lease Only,,
"510 Kimberly Dr.,  Tahoe City, CA, 96145, US",Arcadia Manor on the West Shore,089-3-16.3 Granlibakken,Tahoe City,,,Summer 5 NT,,
"5101 N Lake Blvd #59,  Carnelian Bay, CA, 96140, US",Carnelian Woods #59,267-2-20.7 Carnelian Woods,Carnelian Bay,,,Summer 5 NT,,
"5101 N. Lake Blvd #57,  Carnelian Bay, CA, 96140, US",Carnelian Woods #57,267-2-20.3 Sahara,Carnelian Bay,,,Summer 5 NT,,
"5230 North Lake Blvd,  Carnelian Bay, CA, 96140, US",Aqua Vista Lakefront Estate,267-2-20.3 Sahara,Carnelian Bay,,,Summer 7 NT,,
"529 Beaver Street,  Kings Beach, CA, 96143, US",Beaver Lake View Retreat,267-2-17.9 Brockway,Tahoe Vista/Kings Beach,,,Summer 5 NT,,
"539 Pioneer Way,  Tahoe City, CA, 96145, US",Pioneer Lake View Retreat,267-2-25.9 Grove,Tahoe City,Managed Services: Y,,Summer 5 NT,,
"550 Tunnington Drive,  Carnelian Bay, CA, 96140, US",Falcon's Rest,267-2-22.2 Terrace,Carnelian Bay,,,Summer 5 NT,,
"5549 Lagoon Rd,  Homewood, CA, 96141, US",Azure Retreat on the West Shore,089-4-22.2 Ski Bowl,Homewood/Tahoma,,,Summer 5 NT,,
"5600 West Lake Blvd,  Homewood, CA, 96141, US",Valhalla Lakefront on the West Shore,089-4-24.1 McKinney,Homewood/Tahoma,,,Summer 7 NT,,
"5631 Sahara Dr.,  Carnelian Bay, CA, 96140, US",Tahoe Dreamer,267-2-20.3 Sahara,Carnelian Bay,,,Summer 5 NT,,
"564 Brassie Ave,  Tahoe Vista, CA, 96148, US",Tahoe Time,267-2-16.8 Brassie,Tahoe Vista/Kings Beach,,,Summer 5 NT,,
"565 Ward Ave,  Tahoe City, CA, 96145, US",Ward Creek Retreat,089-3-18.6 Pineland,Tahoe City,,,Summer 5 NT,,
"567 Tallac St,  Carnelian Bay, CA, 96140, US",Cobalt Cabin,267-2-20.7 Carnelian Woods,Carnelian Bay,,,Summer 5 NT,,
"568 Hidden Lake Loop,  Olympic Valley, CA, 96146, US",Crown Peak at Olympic Valley,089-3-12.1 Wayne,Olympic Valley,,,Monthly Lease Only,,
"5732 Uplands Rd,  Carnelian Bay, CA, 96140, US",Four Summits,267-2-20.3 Sahara,Carnelian Bay,,,Summer 5 NT,,
"5775 Lagoon,  Homewood, CA, 96141, US",Songbird Cabin at Chambers,089-4-23.2 Chambers Landing,Homewood/Tahoma,,,Summer 7 NT,,
"5784 North Lake Blvd,  Carnelian Bay, CA, 96140, US",Beyond The Blue Lakefront Escape,267-2-19.3 Agate,Carnelian Bay,,,Summer 7 NT,,
"584 Brassie Ave,  Tahoe Vista, CA, 96148, US",Diana's Cabin,267-2-16.8 Brassie,Tahoe Vista/Kings Beach,,,Summer 5 NT,,
"5890 North Lake Blvd.,  Carnelian Bay, CA, 96140, US",Glistening Shores Lakefront,267-2-19.3 Agate,Carnelian Bay,,,7 NT Year-Round,,
"6023 N. Lake Blvd,  Carnelian Bay, CA, 96140, US",Reflections Lakeview Cabin,267-2-19.3 Agate,Carnelian Bay,,,Summer 7 NT,,
"6093 Rocky Point Circle,  Truckee, CA, 96161, US",Rocky Point #93 at Northstar,267-2-12.6 Martis Landing,Northstar,,,Summer 3 NT,39.285758,-120.13045
"6114 Rocky Point Circle,  Truckee, CA, 96161, US",Rocky Point #14 at Northstar,267-2-12.6 Martis Landing,Northstar,,,Summer 3 NT,39.2861228,-120.1291877
"622 Victor Place,  Olympic Valley, CA, 96146, US",Victory Place at Palisades Tahoe,089-3-11.6 Victor,Olympic Valley,,,Summer 3 NT,,
"625 Tunnington Dr,  Carnelian Bay, CA, 96140, US",Winterland Cottage,267-2-22.2 Terrace,Carnelian Bay,,,Ski Lease Only,,
"6400 W Lake Blvd #9,  Homewood, CA, 96141, US",Chambers Lakeside Retreat,089-4-23.2 Chambers Landing,Homewood/Tahoma,,,Summer 5 NT,,
"6405 Chamberlands Dr.,  Tahoma, CA, 96142, US",Splendid at Chamberlands,089-4-23.2 Chambers Landing,Homewood/Tahoma,,,Summer 5 NT,,
"6418 Wildwood Rd.,  Tahoe Vista, CA, 96148, US",Wildwood Escape,267-2-18.5 Estates,Tahoe Vista/Kings Beach,,,Summer 5 NT,,
"6500 River Road,  Truckee, CA, 96161, US",Bullshead Lodge at Palisades Tahoe,089-3-09.2 Silver Creek,Olympic Valley,,,Summer 5 NT,,
"675 West Court,  Carnelian Bay, CA, 96140, US",North Shore Bliss,267-2-22.5 Lardin,Carnelian Bay,,,Summer 5 NT,,
"6844 North Lake Blvd #1,  Tahoe Vista, CA, 96148, US",Sandy Cove on the North Shore,267-2-18.2 National,Tahoe Vista/Kings Beach,,,Summer 7 NT,,
"6974 Grey Lane,  Tahoe Vista, CA, 96148, US",Agate Bay Gem,267-2-18.2 National,Tahoe Vista/Kings Beach,,,Summer 5 NT,,
"7028 Allenby Way,  Tahoe Vista, CA, 96148, US",Away on Allenby,267-2-15.8 Regency,Tahoe Vista/Kings Beach,,,Summer 5 NT,,
"7077 Lewis,  Tahoma, CA, 96142, US",Hooga House on the West Shore,089-4-24.1 McKinney,Homewood/Tahoma,,,Summer 5 NT,,
"710 Conifer,  Truckee, CA, 96161, US",Sleeping Bear Lodge at Northstar,267-2-11.8 Basque,Northstar,,,Summer 3 NT,39.2926969,-120.1206985
"717 Conifer,  Truckee, CA, 96161, US",Compass Luxury Lodge at Northstar,267-2-11.8 Basque,Northstar,,,Summer 3 NT,39.2924534,-120.1219347
"720 Ward Creek,  Tahoe City, CA, 96145, US",West Shore Bliss,089-3-18.6 Pineland,Tahoe City,,,Summer 7 NT,,
"7201 Timber Wolf Drive,  Tahoma, CA, 96142, US",Wolf Den Retreat,089-4-24.2 Elm,Homewood/Tahoma,,,Summer 5 NT,,
"7243 Larkspur Court,  Truckee, CA, 96161, US",Village Walk at Northstar,267-2-12.3 Larkspur,Northstar,,,Summer 3 NT,,
"7282 3rd Avenue,  Tahoma, CA, 96142, US",Tahoma Charm,089-4-24.5 Pine,Homewood/Tahoma,,,Summer 5 NT,,
"7326 Chinkapin,  Tahoma, CA, 96142, US",Tippy Canoe on the West Shore,089-4-24.2 Elm,Homewood/Tahoma,,,Summer 5 NT,,
"739 Conifer,  Truckee, CA, 96161, US",Iron Horse Ski Lease at Northstar,267-2-11.8 Basque,Northstar,,,Ski Lease Only,39.2915932,-120.1246124
"74 Trinity Court,  Tahoe City, CA, 96145, US",Gambrel Ski Chalet at Dollar Point,267-2-23.9 Edgewater,Dollar Point,,,Summer 5 NT,,
"7442 North Lake Boulevard,  Tahoe Vista, CA, 96148, US",Lakeside Escape,267-2-18.0 Moon Dunes,Tahoe Vista/Kings Beach,,,Summer 5 NT,,
"7518 Larkspur Lane,  Truckee, CA, 96161, US",Larkspur Luxe at Northstar,267-2-12.3 Larkspur,Northstar,,,Summer 3 NT,,
"755 John McKinney Dr.,  Truckee, CA, 96161, US",Beaufort Luxury at Lahontan,267-2-09.4 Lahontan,Lahontan,,,Monthly Lease Only,39.2871899,-120.1469569
"7675 Lahontan,  Truckee, CA, 96161, US",Lahontan Luxury,267-2-09.4 Lahontan,Lahontan,,,Monthly Lease Only,39.2931658,-120.1447381
"7708 North Lake Blvd,  Tahoe Vista, CA, 96148, US",Waves End Lakefront,267-2-16.8 Brassie,Tahoe Vista/Kings Beach,,,Summer 7 NT,,
"7804 Lincoln Green Drive,  Tahoe Vista, CA, 96148, US",Tahoe Wanderer on the North Shore,267-2-16.4 Commonwealth,Tahoe Vista/Kings Beach,,,Summer 5 NT,,
"7828 River Road, Bridge 10,  Truckee, CA, 96161, US",Painted River Retreat,089-3-09.2 Silver Creek,Truckee,,,Summer 5 NT,,
"80 Observation Dr,  Tahoe City, CA, 96145, US",Lake Haven at Dollar Point,267-2-23.9 Edgewater,Dollar Point,,,Summer 7 NT,,
"8012 Fleur Du Lac,  Truckee, CA, 96161, US",Martis Camp Barn Cabin 305,267-2-10.4 Martis Camp,Martis Camp,,,Summer 5 NT,39.2836946,-120.1683423
"820 Beaver Pond,  Truckee, CA, 96161, US",Snowbird Retreat at Northstar,267-2-11.9 Beaver Pond,Northstar,,,Summer 3 NT,,
"8204 Meeks Bay Ave,  Tahoma, CA, 96142, US",Lands End at Meeks Bay,089-4-28.1 Beach,Homewood/Tahoma,,,Monthly Lease Only,,
"8450 Lahontan Drive,  Truckee, CA, 96161, US",Storybook Lodge at Lahontan,267-2-09.4 Lahontan,Lahontan,,,Monthly Lease Only,39.2929073,-120.1597353
"8460 Newhall Drive,  Truckee, CA, 96161, US",Constellation at Martis Camp,267-2-10.4 Martis Camp,Martis Camp,,,Monthly Lease Only,39.2846994,-120.1432784
"85 Tahoma Way,  Tahoe City, CA, 96145, US",Base Camp at Dollar Point,267-2-23.8 Marlette,Dollar Point,,,Summer 5 NT,,
"8520 Lahontan Drive,  Truckee, CA, 96161, US",Legacy Lodge at Lahontan,267-2-09.4 Lahontan,Lahontan,,,Monthly Lease Only,,
"8580 Kilbarchan Ct,  Truckee, CA, 96161, US",Little Chief at Martis Camp,267-2-10.4 Martis Camp,Martis Camp,,,Monthly Lease Only,,
"8590 Kilbarchan,  Truckee, CA, 96161, US",Big Chief Lodge at Martis Camp,267-2-10.4 Martis Camp,Martis Camp,,,Monthly Lease Only,,
"8615 Huntington Ct.,  Truckee, CA, 96161, US",Ambiance at Martis Camp,267-2-10.4 Martis Camp,Martis Camp,,,Monthly Lease Only,,
"8675 Beach Lane,  Tahoma, CA, 96142, US",Rubicon Bay Lakefront,089-4-28.1 Beach,Homewood/Tahoma,,,Summer 7 NT,,
"87 Whitney Court,  Tahoe City, CA, 96145, US",View at Dollar Point,267-2-23.9 Edgewater,Dollar Point,,,Summer 7 NT,,
"8748 Brockway Vista Avenue,  Kings Beach, CA, 96143, US",Beach Haven Lakefront,267-2-17.9 Brockway,Tahoe Vista/Kings Beach,,,Summer 7 NT,,
"8954 Crest Dr.,  Tahoma, CA, 96142, US",Endless Lakeview at Rubicon,089-4-29.2 Woodland,Homewood/Tahoma,,,Monthly Lease Only,,
"9 Tahoma Ave,  Tahoe City, CA, 96145, US",Clouds Rest at Dollar Point,267-2-23.8 Marlette,Dollar Point,,,Summer 5 NT,,
"900 Snow Shoe Road,  Tahoe City, CA, 96145, US",Tahoe Point of View,089-3-18.5 Tahoe Park Heights,Tahoe Park,,,Summer 5 NT,,
"9030 Versant Ct,  Truckee, CA, 96161, US",Sleek Serenity at Schaffer's Mill,267-2-09.2 Carson Range,Schaffer's Mill,,,Summer 3 NT,,
"9092 Woodland Ct,  Tahoma, CA, 96142, US",Sierra Lake View at Rubicon Bay,089-4-29.2 Woodland,Homewood/Tahoma,,,Summer 7 NT,,
"915 Woodside Dr,  Tahoma, CA, 96142, US",Woodside Lodge,089-4-24.1 McKinney,Homewood/Tahoma,Managed Services: Y,,Summer 5 NT,,
"9220 Emerald Bay Rd,  South Lake Tahoe, CA, 96150, US",Gold Coast Lake Front Estate,089-4-30.3 Two Ring,Homewood/Tahoma,,,7 NT Year-Round,,
"93 Winding Creek,  Olympic Valley, CA, 96146, US",Swiss Chalet at Palisades Tahoe,089-3-11.5 Winding Creek,Olympic Valley,,,Summer 3 NT,,
"930 Holly Rd,  Tahoe City, CA, 96145, US",Ellis Peak Retreat,089-3-16.6 Cathedral,Tahoe City,,,Summer 5 NT,,
"930 Sierra Vista,  Homewood, CA, 96141, US",Eagle Rock Lodge,089-4-20.3 Eagle Rock,Homewood/Tahoma,,,Summer 7 NT,,
"930 Ward Creek Blvd,  Tahoe City, CA, 96145, US",Pineland Chalet,089-3-18.6 Pineland,Tahoe City,,,Summer 5 NT,,
"9305 Heartwood,  Truckee, CA, 96161, US",Rising Sun Retreat at Schaffer's Mill,267-2-09.3 Heartwood,Schaffer's Mill,,,Summer 7 NT,,
"9316 Nine Bark Rd,  Truckee, CA, 96161, US",Big Sky Retreat at Schaffer's Mill,267-2-09.2 Carson Range,Schaffer's Mill,Managed Services: Y,,Managed Services,,
"9324 Nine Bark,  Truckee, CA, 96161, US",Elegance at Schaffer's Mill,267-2-09.2 Carson Range,Schaffer's Mill,,,Summer 7 NT,,
"9500 Dunsmuir,  Truckee, CA, 96161, US",Platinum Place at Martis Camp,267-2-10.4 Martis Camp,Martis Camp,,,Monthly Lease Only,,
"9535 Dunsmuir,  Truckee, CA, 96161, US",Everlasting at Martis Camp,267-2-10.4 Martis Camp,Martis Camp,,,Monthly Lease Only,,
"9625 Brockway Springs Dr,  Kings Beach, CA, 96143, US",Brockway Springs Jewel,267-2-17.9 Brockway,Tahoe Vista/Kings Beach,,,Monthly Lease Only,,
"9718 Hunter House,  Truckee, CA, 96161, US",Prestige Place at Martis Camp,267-2-10.4 Martis Camp,Martis Camp,,,Monthly Lease Only,,
"9731 Sean Place,  Truckee, CA, 96161, US",Coyote Run Retreat,267-2-07.2 Autumn,Truckee,,,Summer 5 NT,,
"9745 Brockway Springs Dr,  Kings Beach, CA, 96143, US",Splitrock Gem,267-2-17.9 Brockway,Tahoe Vista/Kings Beach,,,Monthly Lease Only,,
"9821 Yacht St.,  Kings Beach, CA, 96143, US",Landfall on the North Shore,267-2-17.9 Brockway,Tahoe Vista/Kings Beach,,,Summer 5 NT,,
"9902 Lake St,  Kings Beach, CA, 96143, US",Spellbound Lakefront Lodge,267-2-17.9 Brockway,Tahoe Vista/Kings Beach,,,Summer 7 NT,,
